#{"env_id": "Pendulum-v0", "t_start": 1522940722.7501633}
r,l,t
-1774.80598,200,1.498836
-876.470077,200,1.553743
-1596.933809,200,1.608944
-844.738655,200,1.663766
-1788.058737,200,1.71713
