#{"env_id": "Pendulum-v0", "t_start": 1522940655.0947156}
r,l,t
-1774.80598,200,1.50228
-876.470077,200,1.557039
-1596.933809,200,1.611206
-844.738655,200,1.665458
-1788.058737,200,1.719925
