#{"t_start": 1522939965.4022539, "env_id": "Pendulum-v0"}
r,l,t
-1584.870594,200,1.520824
-1188.684273,200,1.575864
-1667.830354,200,1.630952
-782.148102,200,1.686249
-1688.855078,200,1.740449
-1064.494157,200,1.822982
-1655.907811,200,1.877052
-907.734166,200,1.931147
-1758.808378,200,1.985782
-1188.320254,200,2.040937
