#{"env_id": "Pendulum-v0", "t_start": 1522940853.1326008}
r,l,t
-1774.80598,200,1.453089
-876.470077,200,1.508043
-1596.933809,200,1.562116
-844.738655,200,1.61982
-1788.058737,200,1.672945
